"dia_index","dia_title"
"场景问题1好啊","第1个标题"
"场景问题2好啊","第2个标题"
"场景问题3好啊","第3个标题"
"场景问题4好啊","第4个标题"
"","第5个标题修改45"
"","Amisbook01"
"","单击节点可新增新节点001"
"","Amisbook"
"","单击模块可新增新模块001"
"","单击模块可新增新模块002"
"","单击模块可新增新模块003"
"","单击模块可新增新模块004"
"","Amisbook225"
"","单击模块可新增新模块0055"
"","罗技鼠标00"
"","哈哈哈块"
"","哈哈哈"
"","Amisbook5"
"","哈哈哈"
"","单击模块可新增新模块"
"","单击模块可新增新模块"
"","单击模块可新增新模块0015"
"","单击模块可新增新模块1"
"","单击模块可新增新模块487878"
"","test"
"","tttttttt"
"","推荐理财产品"
"","单击模块可新增新模块"
"","Amisbook"
"","单击模块可新增新模块"
"","单击模块可新增新模块"
"","单击模块可新增新模块"
"","单击模块可sds 新增新模块"
"","haha"
"","huhan"
"","Amisbookee"
"","单击模块可新增新模块ddd"
"","理财产品推荐"
"","第一级"
"","第二级"
"","Amisbook"
"","单击模块可新增新模块"
"","单击模块可新增新模块"
"","理财产品推荐"
"","hahaha"
"","理财产品推荐"
"","hahaha"
"","Amisbook"
"","哈哈哈"
"","智能性格测试"
"","单击模块可新增新模块"
"","Amisbook"
"","Amisbook"
"","Amisbook"
"","单击模块可新增新模块"
"","单击模块可新增新模块"
"","单击模块可新增新模块"
"","单击模块可新增新模块"
"","早起的鸟儿有虫吃"
"","你喜欢什么水果"
"","你喜欢水果"
"","单击模块可新增新模块"
"","水果"
"","不喜欢"
"","单击模块可新增新模块"
"","单击模块可新增新模块"
"","Amisbook"
"","111111 "
"","111111"
"","理财产品推荐"
"","理财产品推荐"
"","单击模块可新增新模块"
"","单击模块可新增新模块"
"","Amisbook11"
"","单击模块可新增新模块"
"","Amisbook"
"","个人基本信息"
"","学历信息"
"","消费习惯"
"","测试"
"","单击模块可新增新模块"
"","个人标签"
"","高级知识分子"
"","低学历"
"","你奶奶"
"","单击模块可新增新模块呵呵"
"","单击模块可新增新模块"
"","场景知识1"
"","场景知识1"
"","场景1.2"
"","场景1.1.1"
"","场景1.1.2"
"","请输入您的性别"
"","请输入您的性别"
"","你不说我也不说了哦，拜拜"
"","Amisbook"
"","您希望塑形还是减脂"
"","您希望锻炼身体的哪些部位"
"","撒地方"
"","哦哦哦哦"
"","Amisbook"
"","单击模块可新增新模块"
"","单击模块可新增新模块"
"","Amisbook"
"","单击模块可新增新模块"
"","单击模块可新增新模块"
"","单击模块可新增新模块"
"","Amisbook"
"","单击模块可新增新模块"
"","单击模块可新增新模块"
"","单击模块可新增新模块"
"","你不说我也不说了哦，拜拜"
"","不方便透露性别的话我就不能为您推荐了哦"
"","游泳可以全身运动，塑形效果可立竿见影哦，推荐您去参加游泳课"
"","自由搏击可大量出汗，快速甩掉脂肪，去参加自由搏击课吧"
"","不告诉我你的目标，我就没办法推荐哦"
"","我们新开了腹肌撕裂者课程哦，快去报名吧"
"","对新事务热情"
"","乐于挑战"
"","Amisbook"
"","Amisbook"
"","Amisbook"
"","Amisbook"
"","单击模块可新增新模"
"","Amisbook"
"","单击模块可新增新模块"
"","单击模块可新增新模块"
"","Amisbook"
"","单击模块可新增新模块"
"","Amisbook"
"","单击模块可新增新模块"
"","单击模块可新增新模块"
"","单击模块可新增新模块"
"","单击模块可新增新模块"
"","单击模块可新增新模块"
"","单击模块可新增新模块"
"","Amisbook"
"","单击模块可新增新模块"
"","Amisbook"
"","单击模块可新增新模块"
"","单击模块可新增新模块"
"","单击模块可新增新模块"
"","Amisbook"
"","单击模块可新增新模块"
"","Amisbook"
"","单击模块可新增新模块"
"","单击模块可新增新模块"
"","单击模块可新增新模块"
"","Amisbook"
"","单击模块可新增新模块"
"","Amisbook"
"","单击模块可新增新模块"
"","单击模块可新增新模块"
"","单击模块可新增新模块"
"","单击模块可新增新模块"
"","单击模块可新增新模块"
"","单击模块可新增新模块"
"","单击模块可新增新模块"
"","单击模块可新增新模块"
"","单击模块可新增新模块"
"","单击模块可新增新模块"
"","Amisbook"
"","单击模块可新增新模块"
"","Amisbook"
"","单击模块可新增新模块"
"","单击模块可新增新模块"
"","单击模块可新增新模块"
"","单击模块可新增新模块"
"","单击模块可新增新模块"
"","Amisbook"
"","单击模块可新增新模块"
"","Amisbook"
"","单击模块可新增新模块"
"","Amisbook"
"","单击模块可新增新模块"
"","单击模块可新增新模块"
"","单击模块可新增新模块"
"","单击模块可新增新模块"
"","单击模块可新增新模块"
"","进出口"
"","单击模块可新增新模块"
"","Amisbook"
"","单击模块可新增新模块"
"","Amisbook"
"","单击模块可新增新模块"
"","Amisbook"
"","单击模块可新增新模块"
"","测试"
"","测试"
"","单击模块可新增新模块"
"","Amisbook"
"","单击模块可新增111"
"","2"
"","3"
"","4"
"","你好"
"","Amisbook"
"","1"
"","2"
"","你好  "
"","你好啊"
"","Amisbook"
"","单击模块可新增新模块"
"","重庆"
"","渝北区"
"","江北区"
"","南岸区"
"","渝中区"
"","Amisbook"
"",""
"","单击模块可新增新模块"
"","Amisbook"
"","你好啊，美丽的重庆"
"","Amisbook"
"","Amisbook"
"","单击模块可新增新模块1"
"","Amisbook"
"","单击模块可新增新模块"
"","Amisbook"
"","Amisbook"
"","单击模块可新增新模块"
"","单击模块可新增新模块"
"","Amisbook"
"","Amisbook"
"","单击模块123"
"","Amisbook"
"","单击模块可新增新模块"
"","Amisbook"
"","单1"
"","单击模块可新增2"
"","Amisbook"
"","测试一下"
"","2"
"","3"
"","Amisbook"
"","单击模块可新增新模块"
"","洋人街"
"","洋人街1"
"","洋人街2"
"","Amisbook"
"","单击模块可新增新模块"
"","Amisbook"
"","单击模块可新增新模块"
"","Amisbook"
"","单击模块可新增新模块"
"","Amisbook"
"","单击模块可新增新模块"
"","Amisbook"
"","单击模块可新增新模块"
"","Amisbook"
"","单击模块可新增新模块"
"","Amisbook"
"","单击模块可新增新模块"
"","Amisbook"
"","单击模块可新增新模块"
"","单击模块可新增新模块"
"","Amisbook"
"","单击模块可新增新模块"
"","Amisbook"
"","单击模块可新增新模块"
"","Amisbook"
"","单击模块可新增新模块"
"","中国"
"","重庆"
"","北京"
"","深圳"
"","渝北"
"","渝中"
"","江北"
"","中国"
"","重庆"
"","北京"
"","上海"
"","深圳"
"","渝北"
"","江北"
"","重庆"
"","重庆"
"","渝北"
"","江北"
"","大渡口"
"","九龙坡"
"","Amisbook"
"","Amisbook"
"","风动旛动"
"","单击模块可新增新模块"
"","Amisbook"
"","单击模块可新增新模块"
"","单击模块可新增新模块"
"","Amisbook"
"","单击模块可新增新模块"
"","Amisbook"
"","单击模块可新增新模块"
"","单击模块可新增新模块"
"","Amisbook"
"","单击模块可新增新模块"
"","Amisbook"
"","单击模块可新增新模块"
"","Amisbook"
"","单击模块可新增新模块"
"","Amisbook"
"","单击模块可新增新模块"
"","Amisbook"
"","单击模块可新增新模块"
"","Amisbook"
"","单击模块可新增新模块"
"","Amisbook"
"","单击模块可新增新模块"
"","单一"
"","单击模块可新增新模块"
"","单击模块可新增新模块"
"","赴敌甘负戈"
"","单击模块可新增新模块"
"","Amisbook"
"","单击模块可新增新模块"
"","Amisbook"
"","单击模块可新增新模块"
"","Amisbook"
"","单击模块可新增新模块"
"","单击模块可新增新模块"
"","Amisbook"
"","单击模块可新增新模块"
"","Amisbook"
"","单击模块可新增新模块"
"","Amisbook"
"","单击模块可新增新模块"
"","申达股份的"
"","Amisbook"
"","单击模块可新增新模块"
"","Amisbook"
"","单击模块可新增新模块"
"","Amisbook"
"","单击模块可新增新模块"
"","单击模块可新增新模块"
"","Amisbook"
"","单击模块可新增新模块"
"","Amisbook"
"","单击模块可新增新模块"
"","Amisbook"
"","单击模块可新增新模块"
"","Amisbook"
"","单击模块可新增新模块"
"","Amisbook"
"","单击模块可新增新模块"
"","Amisbook"
"","单击模块可新增新模块"
"","Amisbook"
"","单击模块可新增新模块"
"","Amisbook"
"","单击模块可新增新模块"
"","Amisbook"
"","单击模块可新增新模块"
"","单击模块可新增新模块"
"","测试场景知识"
"","新增"
"","修改场景知识"
"","新增场景知识"
"","Amisbook"
"","场景知识"
"","新增"
"","单击模块可新增新模块"
"","新增场景知识"
"","修改"
